{"cameraMode":{"drawMode":0,"name":"Shaded","section":"Shading Mode"},"sceneLighting":false,"audioPlay":false,"sceneViewState":{"showFog":false,"showMaterialUpdate":false,"showSkybox":false,"showFlares":false,"showImageEffects":false,"showParticleSystems":false},"in2DMode":false,"pivot":{"x":0.0,"y":-0.012199999764561654,"z":-0.03940010070800781},"rotation":{"x":-0.1285262554883957,"y":0.8703514337539673,"z":-0.3116111159324646,"w":-0.35898274183273318},"size":123.71265411376953,"orthographic":false}